Hover,Bhuvan User Handbook and Others,2922.199999988079,
Hover,Hyderabad - 500 037 INDIA.,2988,65.80000001192093
Hover,Feedback,3055.399999976158,67.39999997615814
Hover,Feedback,3655.699999988079,600.3000000119209
Hover,Feedback,4122.5,466.80000001192093
Hover,Feedback,4920.399999976158,797.8999999761581
Hover,Hyderabad - 500 037 INDIA.,5687.399999976158,767
Hover,Terms ,5753,65.60000002384186
Hover,Discussion Forum ,5819.300000011921,66.30000001192093
Hover,Downloads,5887.5,68.19999998807907
Hover,Application Sectors,2897.39999999851,
Hover,Application Sectors,3065.39999999851,168
Hover,Application Sectors,5162.70000000298,2097.3000000044703
Hover,E - Governance,5262.79999999702,100.09999999403954
Hover,Collaborators,5896.79999999702,634
Hover,Application Sectors,6660.89999999851,764.1000000014901
Hover,Collaborators,6994.89999999851,334
Hover,Search,7161.60000000149,166.70000000298023
Hover,Store,7261.20000000298,99.60000000149012
Hover,WIKI,7462,200.79999999701977
Hover,WIKI,7629.20000000298,167.20000000298023
Hover,Bhuvan 3D,8161.5,532.2999999970198
Hover,Climate & Environment,8295.20000000298,133.70000000298023
Hover,Climate & Environment,8328.20000000298,33
Hover,Climate & Environment,8562,233.79999999701977
Hover,Ocean Services,9028.79999999702,466.79999999701977
Hover,Climate & Environment,14391.60000000149,5362.80000000447
Hover,Climate & Environment,14490.89999999851,99.29999999701977
Hover,Climate & Environment,14523.89999999851,33
Hover,Ocean Services,15058.70000000298,534.8000000044703
Hover,Climate & Environment,33713.29999999702,18654.59999999404
Link Click,"Explore More" Redirect: https://bhoonidhi.nrsc.gov.in/vista/index.html ,34667.60000000149,954.3000000044703
Hover,Climate & Environment,35079.60000000149,412
Hover,Open Data Archive,35380.39999999851,300.79999999701977
Hover,Open Data Archive,35414.29999999702,33.899999998509884
Hover,Himachal Pradesh,4666.10000000149,
Hover,Himachal Pradesh,4898.30000000447,232.20000000298023
Hover,Karnataka,4965,66.69999999552965
Hover,Punjab Forest,5132.80000000447,167.80000000447035
Hover,Punjab Forest,5264.5,131.69999999552965
Hover,Bhuvan Central Applications,5898,633.5
Hover,E - Governance,7965,2067
Hover,E - Governance,9063.39999999851,1098.3999999985099
Hover,E - Governance,9396.39999999851,333
Hover,Decentraslised Planning,9596.60000000149,200.20000000298023
Hover,Home,531.2999999970198,
Hover,Application Sectors,6260.19999999553,5728.89999999851
Hover,Forestry,6525.69999999553,265.5
Hover,Punjab Forest,7394.29999999702,868.6000000014901
Hover,Decentraslised Planning,8359.69999999553,965.3999999985099
Hover,E - Governance,8460.79999999702,101.10000000149012
Hover,Pest Surveillance,11840.09999999404,3379.2999999970198
Hover,RKVY,12274.39999999851,434.30000000447035
Hover,Plantation,12575.89999999851,301.5
Link Click,"Plantation" Redirect: https://bhuvan-app1.nrsc.gov.in/plantation/plantation.php ,12909.29999999702,333.3999999985099
Hover,Pest Surveillance,13406.09999999404,496.79999999701977
Hover,Agriculture,13439.19999999553,33.100000001490116
Hover,Application Sectors,1349.7000000029802,
Hover,Application Sectors,3626,
Hover,Forestry,3959.10000000149,333.1000000014901
Hover,Forestry,4126.5,167.39999999850988
Hover,Application Sectors,5225.10000000149,1098.6000000014901
Hover,Application Sectors,3336.60000000149,
Hover,Sliding Logos,1874.3999999985099,
Hover,Application Sectors,1974.8999999985099,100.5
Hover,Application Sectors,243083.40000000596,
